{
    "train_losses": [
        4.185751767439001,
        4.282677346958834,
        4.984805137409883,
        4.915039119720459,
        4.869967697367948,
        4.815333429224351,
        4.789744052886963,
        4.763310614193187,
        4.7873035285052135,
        4.742273962357465
    ],
    "val_greedy_bleus": [
        0.0,
        0.0
    ],
    "val_greedy_meteors": [
        0.0868244103250476,
        0.08678463814800326
    ],
    "val_greedy_ciders": [
        3.3771964571237246e-06,
        2.2877813744644052e-06
    ],
    "val_beam_bleus": [
        0.0,
        0.0
    ],
    "val_beam_meteors": [
        0.08118189962483158,
        0.0810714271629703
    ],
    "val_beam_ciders": [
        5.656192191903099e-07,
        5.907241338068216e-07
    ]
}