{
    "train_losses": [
        1.8856128012070634,
        1.8606394187945154,
        1.8630757119174295,
        1.843214730701536,
        1.8272317994928136,
        1.8052699353213602,
        1.7951893487446744,
        1.7904926225053313,
        1.7712012837190583,
        1.7640759357264344
    ],
    "val_greedy_bleus": [
        0.15375503637644347,
        0.14805200129649612
    ],
    "val_greedy_meteors": [
        0.35129455138765786,
        0.35059178771978844
    ],
    "val_greedy_ciders": [
        0.3128517882423652,
        0.2995994278315202
    ],
    "val_beam_bleus": [
        0.1729644023015259,
        0.16795594087274981
    ],
    "val_beam_meteors": [
        0.355268309927308,
        0.3553413123682757
    ],
    "val_beam_ciders": [
        0.34121254665399114,
        0.3293536553440145
    ]
}