{
    "train_losses": [
        1.8856128012070634,
        1.8606394187945154,
        1.8630757119174295,
        1.843214730701536,
        1.8272317994928136,
        1.8052699353213602,
        1.7951893487446744,
        1.7904926225053313,
        1.7712012837190583,
        1.7640759357264344,
        1.74005487603201,
        1.73633744179363,
        1.7221303786470297,
        1.711400847479771,
        1.7085143965734562,
        1.6885607119457262,
        1.6886736596694014,
        1.6768875614578176,
        1.6691128905390349,
        1.664990721733917
    ],
    "val_greedy_bleus": [
        0.15375503637644347,
        0.14805200129649612,
        0.145078796669226,
        0.1473857013723176
    ],
    "val_greedy_meteors": [
        0.35129455138765786,
        0.35059178771978844,
        0.349176951624775,
        0.3492635157137487
    ],
    "val_greedy_ciders": [
        0.3128517882423652,
        0.2995994278315202,
        0.29749113024200946,
        0.30354760825901617
    ],
    "val_beam_bleus": [
        0.1729644023015259,
        0.16795594087274981,
        0.1657578194978867,
        0.16679291032292187
    ],
    "val_beam_meteors": [
        0.355268309927308,
        0.3553413123682757,
        0.34722333308098424,
        0.34818869244634976
    ],
    "val_beam_ciders": [
        0.34121254665399114,
        0.3293536553440145,
        0.3261795336587791,
        0.33156577218922434
    ]
}