{
    "train_losses": [
        1.5458677078076932,
        1.540464265245787,
        1.5422282465187036,
        1.5294750039006624,
        1.5337589313166802,
        1.5252697758831328,
        1.527570515731131,
        1.5236693480764756,
        1.5174770814152392,
        1.5173570779567593,
        1.5178306287443135,
        1.5165544171848206,
        1.511450920306461,
        1.5078491543380308,
        1.511884654071969,
        1.503295125535956,
        1.5058089455528438,
        1.4989787099506933,
        1.5045418230020944,
        1.501909570514876,
        1.5015821719953153,
        1.497760532607495,
        1.494325790606754,
        1.4935404252558246,
        1.490032926971364,
        1.4950397423175579,
        1.4894679404200521,
        1.4942393409254406,
        1.4871418711165307,
        1.4915550997559452,
        1.4898708196872836,
        1.4879777604985125,
        1.4884248104453646,
        1.4861336286079156,
        1.4842327553341645,
        1.4832756496930906,
        1.478031273738879,
        1.4808106567938004,
        1.4818662304273793,
        1.4834610525990877,
        1.4808274070981522,
        1.4870584951320165,
        1.477932419575436,
        1.4807958994672892,
        1.4775755248718978,
        1.4735145809504908,
        1.4711568120499732,
        1.4721570277997587,
        1.4816872720987024,
        1.476912238228489,
        1.4727230161568368,
        1.4770047116167668,
        1.47727769753183,
        1.4717671205180352,
        1.4763222848865347,
        1.469425190782323,
        1.4698653926312084,
        1.4688530029825202,
        1.4739648131697392,
        1.473716675955365,
        1.4692069790173026,
        1.4669225165541744,
        1.4735503784367736,
        1.4687562358211463,
        1.4726897035965898,
        1.4664610411639505,
        1.4723366129566247,
        1.4687883305437688,
        1.4690006288564261,
        1.4698476573111305,
        1.46755184589977,
        1.4756936265829024,
        1.471030681905612,
        1.4708072764213096,
        1.473468049031468
    ],
    "val_greedy_bleus": [
        0.14146520597052947,
        0.141552609385251,
        0.1401659842121039,
        0.13975948354648746,
        0.14175290267181276,
        0.14090557788644612,
        0.13973259110838038
    ],
    "val_greedy_meteors": [
        0.34796872615579816,
        0.34610934031564417,
        0.34515045351885976,
        0.345114926809387,
        0.3442885017063414,
        0.3456723596775756,
        0.3447632178803696
    ],
    "val_greedy_ciders": [
        0.2921737012725042,
        0.28796700721428353,
        0.286712957505261,
        0.2867283757714661,
        0.28708597312409734,
        0.2881600611079436,
        0.2853386950535092
    ],
    "val_beam_bleus": [
        0.1641650994164415,
        0.16375122462986913,
        0.1626023619298811,
        0.16136468404520407,
        0.16322214003405933,
        0.163526091460474,
        0.16253407745990878
    ],
    "val_beam_meteors": [
        0.34358837875537424,
        0.3416168567940638,
        0.34197282033823095,
        0.34340589143708616,
        0.3416142953706591,
        0.34257670847962646,
        0.34187663692676834
    ],
    "val_beam_ciders": [
        0.322836321790969,
        0.32100698007201106,
        0.3230861989014273,
        0.3201647536420609,
        0.31858317484936444,
        0.3192484265391391,
        0.3195417077967818
    ]
}