{
    "train_losses": [
        1.8856128012070634,
        1.8606394187945154,
        1.8630757119174295,
        1.843214730701536,
        1.8272317994928136,
        1.8052699353213602,
        1.7951893487446744,
        1.7904926225053313,
        1.7712012837190583,
        1.7640759357264344,
        1.74005487603201,
        1.73633744179363,
        1.7221303786470297,
        1.711400847479771,
        1.7085143965734562,
        1.6885607119457262,
        1.6886736596694014,
        1.6768875614578176,
        1.6691128905390349,
        1.664990721733917,
        1.6454100424135234,
        1.639257612922382,
        1.6341663442307235,
        1.6215403135953375,
        1.6274810604086505,
        1.6120075759753374,
        1.6021856590056083,
        1.5984135759828235,
        1.598364681705063,
        1.5924521371232512,
        1.5859107271606374,
        1.5821164969547254,
        1.5771506621804037,
        1.5776417283385014,
        1.5649241444090722,
        1.5568242850997638,
        1.555059144194697,
        1.5484387376498727,
        1.5492770934888456,
        1.5460030456104188
    ],
    "val_greedy_bleus": [
        0.15375503637644347,
        0.14805200129649612,
        0.145078796669226,
        0.1473857013723176,
        0.1476778287157171,
        0.14564050134314738,
        0.14579526267115853,
        0.14340919493636184
    ],
    "val_greedy_meteors": [
        0.35129455138765786,
        0.35059178771978844,
        0.349176951624775,
        0.3492635157137487,
        0.3493299387322946,
        0.3471006253765179,
        0.34871406304427627,
        0.34633623463817836
    ],
    "val_greedy_ciders": [
        0.3128517882423652,
        0.2995994278315202,
        0.29749113024200946,
        0.30354760825901617,
        0.3012363596975167,
        0.2988625834414405,
        0.29819499696458596,
        0.29461997927826317
    ],
    "val_beam_bleus": [
        0.1729644023015259,
        0.16795594087274981,
        0.1657578194978867,
        0.16679291032292187,
        0.16398317302810883,
        0.1653653771663454,
        0.16481527963404255,
        0.16020833614685348
    ],
    "val_beam_meteors": [
        0.355268309927308,
        0.3553413123682757,
        0.34722333308098424,
        0.34818869244634976,
        0.3477905292245647,
        0.34835852175365756,
        0.34914693108734934,
        0.3457035977824291
    ],
    "val_beam_ciders": [
        0.34121254665399114,
        0.3293536553440145,
        0.3261795336587791,
        0.33156577218922434,
        0.32680263529799436,
        0.33247305568545776,
        0.3345004908309739,
        0.3218503646511877
    ]
}