{
    "train_losses": [
        1.5458677078076932,
        1.540464265245787,
        1.5422282465187036,
        1.5294750039006624,
        1.5337589313166802,
        1.5252697758831328,
        1.527570515731131,
        1.5236693480764756,
        1.5174770814152392,
        1.5173570779567593,
        1.5178306287443135,
        1.5165544171848206,
        1.511450920306461,
        1.5078491543380308,
        1.511884654071969,
        1.503295125535956,
        1.5058089455528438,
        1.4989787099506933,
        1.5045418230020944,
        1.501909570514876,
        1.5015821719953153,
        1.497760532607495,
        1.494325790606754,
        1.4935404252558246,
        1.490032926971364
    ],
    "val_greedy_bleus": [
        0.14146520597052947,
        0.141552609385251
    ],
    "val_greedy_meteors": [
        0.34796872615579816,
        0.34610934031564417
    ],
    "val_greedy_ciders": [
        0.2921737012725042,
        0.28796700721428353
    ],
    "val_beam_bleus": [
        0.1641650994164415,
        0.16375122462986913
    ],
    "val_beam_meteors": [
        0.34358837875537424,
        0.3416168567940638
    ],
    "val_beam_ciders": [
        0.322836321790969,
        0.32100698007201106
    ]
}