{
    "train_losses": [
        4.292210619214555,
        3.5357534392898633,
        3.3502116236888186,
        3.233146023862239,
        3.1524632547942684,
        3.0424162155026,
        2.958575474824144,
        2.9078361551526566,
        2.8813326952043274,
        2.830418669561825
    ],
    "val_greedy_bleus": [
        0.15100414377896024,
        0.16877786608522596
    ],
    "val_greedy_meteors": [
        0.3405534737636048,
        0.3632904969877669
    ],
    "val_greedy_ciders": [
        0.29671635319530676,
        0.3463405468756215
    ],
    "val_beam_bleus": [
        0.1761093716017376,
        0.19478775177094837
    ],
    "val_beam_meteors": [
        0.3463204723542115,
        0.36366641416906514
    ],
    "val_beam_ciders": [
        0.3321981049696118,
        0.37484565536569847
    ]
}