{
    "train_losses": [
        4.185751767439001,
        4.282677346958834,
        4.984805137409883,
        4.915039119720459,
        4.869967697367948,
        4.815333429224351,
        4.789744052886963,
        4.763310614193187,
        4.7873035285052135,
        4.742273962357465,
        4.711517543792724,
        4.704229589350083,
        4.681860273024615,
        4.668170380311854,
        4.666635189056397,
        4.6413933215421785,
        4.623653960508459,
        4.612522493250229,
        4.600767723532284,
        4.584827480316162,
        4.560367814232321,
        4.551830286138198,
        4.535738771102007,
        4.530860190672033,
        4.520626189287971,
        4.502391290103688,
        4.489624867158778,
        4.474565953647389,
        4.470462784486658,
        4.459799792345833,
        4.444012715956744,
        4.431978543225457,
        4.424339712928323,
        4.417169226478128,
        4.412529707515941,
        4.393452286439784,
        4.387626715267406,
        4.38220443164601,
        4.369124482098748,
        4.365379551158232
    ],
    "val_greedy_bleus": [
        0.0,
        0.0,
        0.0,
        0.0,
        0.0,
        0.0,
        0.0,
        0.0
    ],
    "val_greedy_meteors": [
        0.0868244103250476,
        0.08678463814800326,
        0.08594601991550024,
        0.08346593343720576,
        0.08679527400770572,
        0.08510747768848133,
        0.08221989953041964,
        0.0806073474290004
    ],
    "val_greedy_ciders": [
        3.3771964571237246e-06,
        2.2877813744644052e-06,
        2.524268374929172e-06,
        3.696298873833657e-06,
        2.3006510638075573e-06,
        2.3190329001216696e-06,
        3.3077532985698356e-06,
        3.56319837042041e-06
    ],
    "val_beam_bleus": [
        0.0,
        0.0,
        0.0,
        0.0,
        0.0,
        0.0,
        0.0,
        0.0
    ],
    "val_beam_meteors": [
        0.08118189962483158,
        0.0810714271629703,
        0.08026437004537341,
        0.0779241371110005,
        0.08107705861536314,
        0.079481666199004,
        0.07675937503468264,
        0.07524277389078922
    ],
    "val_beam_ciders": [
        5.656192191903099e-07,
        5.907241338068216e-07,
        7.87418228008291e-07,
        8.209778005557848e-07,
        3.1972001790865726e-07,
        4.3023441526713655e-07,
        8.558021828597366e-07,
        8.216573425114748e-07
    ]
}