{
    "train_losses": [
        4.795236119663014,
        4.229950146114125,
        4.082355441766627,
        4.012243641965529,
        3.951918046614703,
        3.91102039196912,
        3.8774841078589946,
        3.855758507672478,
        3.843479586769553,
        3.827038883040933
    ],
    "val_greedy_bleus": [
        0.07287222088956362,
        0.06674238181907281
    ],
    "val_greedy_meteors": [
        0.24191397202244816,
        0.23944585710376495
    ],
    "val_greedy_ciders": [
        0.05089291507230411,
        0.03292774112047588
    ],
    "val_beam_bleus": [
        0.10899603487936305,
        0.10783669024701388
    ],
    "val_beam_meteors": [
        0.2834639720764509,
        0.2480737841533302
    ],
    "val_beam_ciders": [
        0.07893395791824845,
        0.06197465873026653
    ]
}