{
    "train_losses": [
        5.5887534987758585,
        5.286345497543263,
        5.180967870452594,
        5.127188071398668,
        5.088671930519068,
        5.03823237128101,
        5.011703820295737,
        4.9940839194355995,
        4.961525695424684,
        4.958836927100526,
        4.9307009670096384,
        4.899038397650203,
        4.8811974212037565,
        4.873132663153706,
        4.8523976299124705,
        4.825171224388159,
        4.808604021027614,
        4.794458966859629,
        4.787315532075407,
        4.776373565476825
    ],
    "val_greedy_bleus": [
        0.0,
        0.0,
        0.0,
        0.0
    ],
    "val_greedy_meteors": [
        0.08805621767923133,
        0.0878479119680184,
        0.08763461647763433,
        0.08749990113281629
    ],
    "val_greedy_ciders": [
        3.8248042278146504e-06,
        2.2594451252885642e-06,
        2.7406613292391094e-06,
        3.2824421290933866e-06
    ],
    "val_beam_bleus": [
        0.0,
        0.0,
        0.0,
        0.0
    ],
    "val_beam_meteors": [
        0.043468411066745954,
        0.06419668275732308,
        0.06194279352009213,
        0.07214152666499288
    ],
    "val_beam_ciders": [
        2.0283507024502762e-09,
        0.0,
        2.0298529585872383e-11,
        9.33120579511881e-10
    ]
}