{
    "train_losses": [
        5.5887534987758585,
        5.286345497543263,
        5.180967870452594,
        5.127188071398668,
        5.088671930519068,
        5.03823237128101,
        5.011703820295737,
        4.9940839194355995,
        4.961525695424684,
        4.958836927100526
    ],
    "val_greedy_bleus": [
        0.0,
        0.0
    ],
    "val_greedy_meteors": [
        0.08805621767923133,
        0.0878479119680184
    ],
    "val_greedy_ciders": [
        3.8248042278146504e-06,
        2.2594451252885642e-06
    ],
    "val_beam_bleus": [
        0.0,
        0.0
    ],
    "val_beam_meteors": [
        0.043468411066745954,
        0.06419668275732308
    ],
    "val_beam_ciders": [
        2.0283507024502762e-09,
        0.0
    ]
}