{
    "train_losses": [
        4.795236119663014,
        4.229950146114125,
        4.082355441766627,
        4.012243641965529,
        3.951918046614703,
        3.91102039196912,
        3.8774841078589946,
        3.855758507672478,
        3.843479586769553,
        3.827038883040933,
        3.8024142938501693,
        3.8018879018110385,
        3.784389107087079,
        3.776636922780205,
        3.7580016890694115,
        3.7530004450854135,
        3.740556326192968,
        3.739651276364046,
        3.725229978280909,
        3.7236556928298055,
        3.717427613594953,
        3.7180810984443218,
        3.704545213755439,
        3.7094701694039736,
        3.7033323388941146,
        3.692840432840235,
        3.689922352959128,
        3.6963666643815882,
        3.686793428589316,
        3.686339175280403
    ],
    "val_greedy_bleus": [
        0.07287222088956362,
        0.06674238181907281,
        0.09281199359520846,
        0.11459448983177759,
        0.0692516527027041,
        0.047768089262342606
    ],
    "val_greedy_meteors": [
        0.24191397202244816,
        0.23944585710376495,
        0.24388464982023061,
        0.23332589234139098,
        0.23337326404944217,
        0.19651889730551667
    ],
    "val_greedy_ciders": [
        0.05089291507230411,
        0.03292774112047588,
        0.028466625353840518,
        0.05595772894231476,
        0.03972231279921221,
        0.009132980462137204
    ],
    "val_beam_bleus": [
        0.10899603487936305,
        0.10783669024701388,
        0.10887333883545613,
        0.08376467346245084,
        0.10375360464974473,
        0.07561078965453077
    ],
    "val_beam_meteors": [
        0.2834639720764509,
        0.2480737841533302,
        0.2604750726070428,
        0.2918201895898654,
        0.24347718551505865,
        0.2660492872241187
    ],
    "val_beam_ciders": [
        0.07893395791824845,
        0.06197465873026653,
        0.08332963134221731,
        0.09191152918044546,
        0.06150312838341954,
        0.04630880531686155
    ]
}